"variables","archivo"
"ESTADO","/Users/emiliomorones/Dropbox (Selva)/Ciencia de datos/Consultoría Estadística/Recursos/Externos/Limpieza/Resultados definitivos/Federal/2012/Diputados_casilla.csv"
"DISTRITO","/Users/emiliomorones/Dropbox (Selva)/Ciencia de datos/Consultoría Estadística/Recursos/Externos/Limpieza/Resultados definitivos/Federal/2012/Diputados_casilla.csv"
"ID_CASILLA","/Users/emiliomorones/Dropbox (Selva)/Ciencia de datos/Consultoría Estadística/Recursos/Externos/Limpieza/Resultados definitivos/Federal/2012/Diputados_casilla.csv"
"TIPO_CANDIDATURA","/Users/emiliomorones/Dropbox (Selva)/Ciencia de datos/Consultoría Estadística/Recursos/Externos/Limpieza/Resultados definitivos/Federal/2012/Diputados_casilla.csv"
"CASILLA","/Users/emiliomorones/Dropbox (Selva)/Ciencia de datos/Consultoría Estadística/Recursos/Externos/Limpieza/Resultados definitivos/Federal/2012/Diputados_casilla.csv"
"ESTATUS_ACTA","/Users/emiliomorones/Dropbox (Selva)/Ciencia de datos/Consultoría Estadística/Recursos/Externos/Limpieza/Resultados definitivos/Federal/2012/Diputados_casilla.csv"
"ORDEN","/Users/emiliomorones/Dropbox (Selva)/Ciencia de datos/Consultoría Estadística/Recursos/Externos/Limpieza/Resultados definitivos/Federal/2012/Diputados_casilla.csv"
"NOMINAL","/Users/emiliomorones/Dropbox (Selva)/Ciencia de datos/Consultoría Estadística/Recursos/Externos/Limpieza/Resultados definitivos/Federal/2012/Diputados_casilla.csv"
"ID_GRUPO","/Users/emiliomorones/Dropbox (Selva)/Ciencia de datos/Consultoría Estadística/Recursos/Externos/Limpieza/Resultados definitivos/Federal/2012/Diputados_casilla.csv"
"TIPO_RECUENTO","/Users/emiliomorones/Dropbox (Selva)/Ciencia de datos/Consultoría Estadística/Recursos/Externos/Limpieza/Resultados definitivos/Federal/2012/Diputados_casilla.csv"
"NUM_VOTOS_NULOS","/Users/emiliomorones/Dropbox (Selva)/Ciencia de datos/Consultoría Estadística/Recursos/Externos/Limpieza/Resultados definitivos/Federal/2012/Diputados_casilla.csv"
"NUM_VOTOS_CAN_NREG","/Users/emiliomorones/Dropbox (Selva)/Ciencia de datos/Consultoría Estadística/Recursos/Externos/Limpieza/Resultados definitivos/Federal/2012/Diputados_casilla.csv"
"NUMERO_VOTOS_VALIDOS","/Users/emiliomorones/Dropbox (Selva)/Ciencia de datos/Consultoría Estadística/Recursos/Externos/Limpieza/Resultados definitivos/Federal/2012/Diputados_casilla.csv"
"TOTAL_VOTOS","/Users/emiliomorones/Dropbox (Selva)/Ciencia de datos/Consultoría Estadística/Recursos/Externos/Limpieza/Resultados definitivos/Federal/2012/Diputados_casilla.csv"
"BOLETAS_INUTILIZADAS","/Users/emiliomorones/Dropbox (Selva)/Ciencia de datos/Consultoría Estadística/Recursos/Externos/Limpieza/Resultados definitivos/Federal/2012/Diputados_casilla.csv"
"PRD_PT_MC","/Users/emiliomorones/Dropbox (Selva)/Ciencia de datos/Consultoría Estadística/Recursos/Externos/Limpieza/Resultados definitivos/Federal/2012/Diputados_casilla.csv"
"PRD_PT","/Users/emiliomorones/Dropbox (Selva)/Ciencia de datos/Consultoría Estadística/Recursos/Externos/Limpieza/Resultados definitivos/Federal/2012/Diputados_casilla.csv"
"PRD_MC","/Users/emiliomorones/Dropbox (Selva)/Ciencia de datos/Consultoría Estadística/Recursos/Externos/Limpieza/Resultados definitivos/Federal/2012/Diputados_casilla.csv"
"PT_MC","/Users/emiliomorones/Dropbox (Selva)/Ciencia de datos/Consultoría Estadística/Recursos/Externos/Limpieza/Resultados definitivos/Federal/2012/Diputados_casilla.csv"
"ID_MUNICIPIO","/Users/emiliomorones/Dropbox (Selva)/Ciencia de datos/Consultoría Estadística/Recursos/Externos/Limpieza/Resultados definitivos/Federal/2012/Diputados_casilla.csv"
"LISTA_NOMINAL","/Users/emiliomorones/Dropbox (Selva)/Ciencia de datos/Consultoría Estadística/Recursos/Externos/Limpieza/Resultados definitivos/Federal/2012/Diputados_casilla.csv"
"VOTOS_RESERVADOS","/Users/emiliomorones/Dropbox (Selva)/Ciencia de datos/Consultoría Estadística/Recursos/Externos/Limpieza/Resultados definitivos/Federal/2012/Diputados_casilla.csv"
"ID_ESTADO","/Users/emiliomorones/Dropbox (Selva)/Ciencia de datos/Consultoría Estadística/Recursos/Externos/Limpieza/Resultados definitivos/Federal/2012/Presidente_casilla.csv"
"D_DISTRITO","/Users/emiliomorones/Dropbox (Selva)/Ciencia de datos/Consultoría Estadística/Recursos/Externos/Limpieza/Resultados definitivos/Federal/2012/Presidente_casilla.csv"
"ID_CASILLA","/Users/emiliomorones/Dropbox (Selva)/Ciencia de datos/Consultoría Estadística/Recursos/Externos/Limpieza/Resultados definitivos/Federal/2012/Presidente_casilla.csv"
"TIPO_CANDIDATURA","/Users/emiliomorones/Dropbox (Selva)/Ciencia de datos/Consultoría Estadística/Recursos/Externos/Limpieza/Resultados definitivos/Federal/2012/Presidente_casilla.csv"
"CASILLA","/Users/emiliomorones/Dropbox (Selva)/Ciencia de datos/Consultoría Estadística/Recursos/Externos/Limpieza/Resultados definitivos/Federal/2012/Presidente_casilla.csv"
"ESTATUS_ACTA","/Users/emiliomorones/Dropbox (Selva)/Ciencia de datos/Consultoría Estadística/Recursos/Externos/Limpieza/Resultados definitivos/Federal/2012/Presidente_casilla.csv"
"ORDEN","/Users/emiliomorones/Dropbox (Selva)/Ciencia de datos/Consultoría Estadística/Recursos/Externos/Limpieza/Resultados definitivos/Federal/2012/Presidente_casilla.csv"
"NOMINAL","/Users/emiliomorones/Dropbox (Selva)/Ciencia de datos/Consultoría Estadística/Recursos/Externos/Limpieza/Resultados definitivos/Federal/2012/Presidente_casilla.csv"
"NULOS","/Users/emiliomorones/Dropbox (Selva)/Ciencia de datos/Consultoría Estadística/Recursos/Externos/Limpieza/Resultados definitivos/Federal/2012/Presidente_casilla.csv"
"NO_REG","/Users/emiliomorones/Dropbox (Selva)/Ciencia de datos/Consultoría Estadística/Recursos/Externos/Limpieza/Resultados definitivos/Federal/2012/Presidente_casilla.csv"
"NUMERO_VOTOS_VALIDOS","/Users/emiliomorones/Dropbox (Selva)/Ciencia de datos/Consultoría Estadística/Recursos/Externos/Limpieza/Resultados definitivos/Federal/2012/Presidente_casilla.csv"
"TOTAL","/Users/emiliomorones/Dropbox (Selva)/Ciencia de datos/Consultoría Estadística/Recursos/Externos/Limpieza/Resultados definitivos/Federal/2012/Presidente_casilla.csv"
"PRD_PT_MC","/Users/emiliomorones/Dropbox (Selva)/Ciencia de datos/Consultoría Estadística/Recursos/Externos/Limpieza/Resultados definitivos/Federal/2012/Presidente_casilla.csv"
"PRD_PT","/Users/emiliomorones/Dropbox (Selva)/Ciencia de datos/Consultoría Estadística/Recursos/Externos/Limpieza/Resultados definitivos/Federal/2012/Presidente_casilla.csv"
"PRD_MC","/Users/emiliomorones/Dropbox (Selva)/Ciencia de datos/Consultoría Estadística/Recursos/Externos/Limpieza/Resultados definitivos/Federal/2012/Presidente_casilla.csv"
"PT_MC","/Users/emiliomorones/Dropbox (Selva)/Ciencia de datos/Consultoría Estadística/Recursos/Externos/Limpieza/Resultados definitivos/Federal/2012/Presidente_casilla.csv"
"ID_MUNICIPIO","/Users/emiliomorones/Dropbox (Selva)/Ciencia de datos/Consultoría Estadística/Recursos/Externos/Limpieza/Resultados definitivos/Federal/2012/Presidente_casilla.csv"
"LISTA_NOMINAL","/Users/emiliomorones/Dropbox (Selva)/Ciencia de datos/Consultoría Estadística/Recursos/Externos/Limpieza/Resultados definitivos/Federal/2012/Presidente_casilla.csv"
"VOTOS_RESERVADOS","/Users/emiliomorones/Dropbox (Selva)/Ciencia de datos/Consultoría Estadística/Recursos/Externos/Limpieza/Resultados definitivos/Federal/2012/Presidente_casilla.csv"
"ID_ESTADO","/Users/emiliomorones/Dropbox (Selva)/Ciencia de datos/Consultoría Estadística/Recursos/Externos/Limpieza/Resultados definitivos/Federal/2012/Senadores_casilla.csv"
"D_DISTRITO","/Users/emiliomorones/Dropbox (Selva)/Ciencia de datos/Consultoría Estadística/Recursos/Externos/Limpieza/Resultados definitivos/Federal/2012/Senadores_casilla.csv"
"ID_CASILLA","/Users/emiliomorones/Dropbox (Selva)/Ciencia de datos/Consultoría Estadística/Recursos/Externos/Limpieza/Resultados definitivos/Federal/2012/Senadores_casilla.csv"
"TIPO_CANDIDATURA","/Users/emiliomorones/Dropbox (Selva)/Ciencia de datos/Consultoría Estadística/Recursos/Externos/Limpieza/Resultados definitivos/Federal/2012/Senadores_casilla.csv"
"CASILLA","/Users/emiliomorones/Dropbox (Selva)/Ciencia de datos/Consultoría Estadística/Recursos/Externos/Limpieza/Resultados definitivos/Federal/2012/Senadores_casilla.csv"
"ESTATUS_ACTA","/Users/emiliomorones/Dropbox (Selva)/Ciencia de datos/Consultoría Estadística/Recursos/Externos/Limpieza/Resultados definitivos/Federal/2012/Senadores_casilla.csv"
"ORDEN","/Users/emiliomorones/Dropbox (Selva)/Ciencia de datos/Consultoría Estadística/Recursos/Externos/Limpieza/Resultados definitivos/Federal/2012/Senadores_casilla.csv"
"LISTA_NOMINAL_CASILLA","/Users/emiliomorones/Dropbox (Selva)/Ciencia de datos/Consultoría Estadística/Recursos/Externos/Limpieza/Resultados definitivos/Federal/2012/Senadores_casilla.csv"
"NULOS","/Users/emiliomorones/Dropbox (Selva)/Ciencia de datos/Consultoría Estadística/Recursos/Externos/Limpieza/Resultados definitivos/Federal/2012/Senadores_casilla.csv"
"NO_REG","/Users/emiliomorones/Dropbox (Selva)/Ciencia de datos/Consultoría Estadística/Recursos/Externos/Limpieza/Resultados definitivos/Federal/2012/Senadores_casilla.csv"
"TOTAL","/Users/emiliomorones/Dropbox (Selva)/Ciencia de datos/Consultoría Estadística/Recursos/Externos/Limpieza/Resultados definitivos/Federal/2012/Senadores_casilla.csv"
"PRD_PT_MC","/Users/emiliomorones/Dropbox (Selva)/Ciencia de datos/Consultoría Estadística/Recursos/Externos/Limpieza/Resultados definitivos/Federal/2012/Senadores_casilla.csv"
"PRD_PT","/Users/emiliomorones/Dropbox (Selva)/Ciencia de datos/Consultoría Estadística/Recursos/Externos/Limpieza/Resultados definitivos/Federal/2012/Senadores_casilla.csv"
"PRD_MC","/Users/emiliomorones/Dropbox (Selva)/Ciencia de datos/Consultoría Estadística/Recursos/Externos/Limpieza/Resultados definitivos/Federal/2012/Senadores_casilla.csv"
"PT_MC","/Users/emiliomorones/Dropbox (Selva)/Ciencia de datos/Consultoría Estadística/Recursos/Externos/Limpieza/Resultados definitivos/Federal/2012/Senadores_casilla.csv"
"ID_MUNICIPIO","/Users/emiliomorones/Dropbox (Selva)/Ciencia de datos/Consultoría Estadística/Recursos/Externos/Limpieza/Resultados definitivos/Federal/2012/Senadores_casilla.csv"
"LISTA_NOMINAL","/Users/emiliomorones/Dropbox (Selva)/Ciencia de datos/Consultoría Estadística/Recursos/Externos/Limpieza/Resultados definitivos/Federal/2012/Senadores_casilla.csv"
"VOTOS_RESERVADOS","/Users/emiliomorones/Dropbox (Selva)/Ciencia de datos/Consultoría Estadística/Recursos/Externos/Limpieza/Resultados definitivos/Federal/2012/Senadores_casilla.csv"
"ESTADO","/Users/emiliomorones/Dropbox (Selva)/Ciencia de datos/Consultoría Estadística/Recursos/Externos/Limpieza/Resultados definitivos/Federal/2015/Diputados_casilla.csv"
"DISTRITO","/Users/emiliomorones/Dropbox (Selva)/Ciencia de datos/Consultoría Estadística/Recursos/Externos/Limpieza/Resultados definitivos/Federal/2015/Diputados_casilla.csv"
"ID_CASILLA","/Users/emiliomorones/Dropbox (Selva)/Ciencia de datos/Consultoría Estadística/Recursos/Externos/Limpieza/Resultados definitivos/Federal/2015/Diputados_casilla.csv"
"UBICACION_CASILLA","/Users/emiliomorones/Dropbox (Selva)/Ciencia de datos/Consultoría Estadística/Recursos/Externos/Limpieza/Resultados definitivos/Federal/2015/Diputados_casilla.csv"
"TIPO_ACTA","/Users/emiliomorones/Dropbox (Selva)/Ciencia de datos/Consultoría Estadística/Recursos/Externos/Limpieza/Resultados definitivos/Federal/2015/Diputados_casilla.csv"
"NUM_BOLETAS_SOBRANTES","/Users/emiliomorones/Dropbox (Selva)/Ciencia de datos/Consultoría Estadística/Recursos/Externos/Limpieza/Resultados definitivos/Federal/2015/Diputados_casilla.csv"
"TOTAL_CIUDADANOS_VOTARON","/Users/emiliomorones/Dropbox (Selva)/Ciencia de datos/Consultoría Estadística/Recursos/Externos/Limpieza/Resultados definitivos/Federal/2015/Diputados_casilla.csv"
"NUM_BOLETAS_EXTRAIDAS","/Users/emiliomorones/Dropbox (Selva)/Ciencia de datos/Consultoría Estadística/Recursos/Externos/Limpieza/Resultados definitivos/Federal/2015/Diputados_casilla.csv"
"MORENA","/Users/emiliomorones/Dropbox (Selva)/Ciencia de datos/Consultoría Estadística/Recursos/Externos/Limpieza/Resultados definitivos/Federal/2015/Diputados_casilla.csv"
"PH","/Users/emiliomorones/Dropbox (Selva)/Ciencia de datos/Consultoría Estadística/Recursos/Externos/Limpieza/Resultados definitivos/Federal/2015/Diputados_casilla.csv"
"PS","/Users/emiliomorones/Dropbox (Selva)/Ciencia de datos/Consultoría Estadística/Recursos/Externos/Limpieza/Resultados definitivos/Federal/2015/Diputados_casilla.csv"
"PRD_PT","/Users/emiliomorones/Dropbox (Selva)/Ciencia de datos/Consultoría Estadística/Recursos/Externos/Limpieza/Resultados definitivos/Federal/2015/Diputados_casilla.csv"
"INDEPENDIENTE_1","/Users/emiliomorones/Dropbox (Selva)/Ciencia de datos/Consultoría Estadística/Recursos/Externos/Limpieza/Resultados definitivos/Federal/2015/Diputados_casilla.csv"
"INDEPENDIENTE_2","/Users/emiliomorones/Dropbox (Selva)/Ciencia de datos/Consultoría Estadística/Recursos/Externos/Limpieza/Resultados definitivos/Federal/2015/Diputados_casilla.csv"
"NO_REG","/Users/emiliomorones/Dropbox (Selva)/Ciencia de datos/Consultoría Estadística/Recursos/Externos/Limpieza/Resultados definitivos/Federal/2015/Diputados_casilla.csv"
"NULOS","/Users/emiliomorones/Dropbox (Selva)/Ciencia de datos/Consultoría Estadística/Recursos/Externos/Limpieza/Resultados definitivos/Federal/2015/Diputados_casilla.csv"
"TOTAL","/Users/emiliomorones/Dropbox (Selva)/Ciencia de datos/Consultoría Estadística/Recursos/Externos/Limpieza/Resultados definitivos/Federal/2015/Diputados_casilla.csv"
"NOMINAL","/Users/emiliomorones/Dropbox (Selva)/Ciencia de datos/Consultoría Estadística/Recursos/Externos/Limpieza/Resultados definitivos/Federal/2015/Diputados_casilla.csv"
"OBSERVACIONES","/Users/emiliomorones/Dropbox (Selva)/Ciencia de datos/Consultoría Estadística/Recursos/Externos/Limpieza/Resultados definitivos/Federal/2015/Diputados_casilla.csv"
"CONTABILIZADA","/Users/emiliomorones/Dropbox (Selva)/Ciencia de datos/Consultoría Estadística/Recursos/Externos/Limpieza/Resultados definitivos/Federal/2015/Diputados_casilla.csv"
"CLAVE_CASILLA","/Users/emiliomorones/Dropbox (Selva)/Ciencia de datos/Consultoría Estadística/Recursos/Externos/Limpieza/Resultados definitivos/Federal/2018/Diputados_casilla.csv"
"CLAVE_ACTA","/Users/emiliomorones/Dropbox (Selva)/Ciencia de datos/Consultoría Estadística/Recursos/Externos/Limpieza/Resultados definitivos/Federal/2018/Diputados_casilla.csv"
"ESTADO","/Users/emiliomorones/Dropbox (Selva)/Ciencia de datos/Consultoría Estadística/Recursos/Externos/Limpieza/Resultados definitivos/Federal/2018/Diputados_casilla.csv"
"NOMBRE_ESTADO","/Users/emiliomorones/Dropbox (Selva)/Ciencia de datos/Consultoría Estadística/Recursos/Externos/Limpieza/Resultados definitivos/Federal/2018/Diputados_casilla.csv"
"DISTRITO","/Users/emiliomorones/Dropbox (Selva)/Ciencia de datos/Consultoría Estadística/Recursos/Externos/Limpieza/Resultados definitivos/Federal/2018/Diputados_casilla.csv"
"NOMBRE_DISTRITO","/Users/emiliomorones/Dropbox (Selva)/Ciencia de datos/Consultoría Estadística/Recursos/Externos/Limpieza/Resultados definitivos/Federal/2018/Diputados_casilla.csv"
"ID_CASILLA","/Users/emiliomorones/Dropbox (Selva)/Ciencia de datos/Consultoría Estadística/Recursos/Externos/Limpieza/Resultados definitivos/Federal/2018/Diputados_casilla.csv"
"CASILLA","/Users/emiliomorones/Dropbox (Selva)/Ciencia de datos/Consultoría Estadística/Recursos/Externos/Limpieza/Resultados definitivos/Federal/2018/Diputados_casilla.csv"
"NUM_ACTA_IMPRESO","/Users/emiliomorones/Dropbox (Selva)/Ciencia de datos/Consultoría Estadística/Recursos/Externos/Limpieza/Resultados definitivos/Federal/2018/Diputados_casilla.csv"
"MORENA","/Users/emiliomorones/Dropbox (Selva)/Ciencia de datos/Consultoría Estadística/Recursos/Externos/Limpieza/Resultados definitivos/Federal/2018/Diputados_casilla.csv"
"ES","/Users/emiliomorones/Dropbox (Selva)/Ciencia de datos/Consultoría Estadística/Recursos/Externos/Limpieza/Resultados definitivos/Federal/2018/Diputados_casilla.csv"
"PAN_PRD_MC","/Users/emiliomorones/Dropbox (Selva)/Ciencia de datos/Consultoría Estadística/Recursos/Externos/Limpieza/Resultados definitivos/Federal/2018/Diputados_casilla.csv"
"PAN_PRD","/Users/emiliomorones/Dropbox (Selva)/Ciencia de datos/Consultoría Estadística/Recursos/Externos/Limpieza/Resultados definitivos/Federal/2018/Diputados_casilla.csv"
"PAN_MC","/Users/emiliomorones/Dropbox (Selva)/Ciencia de datos/Consultoría Estadística/Recursos/Externos/Limpieza/Resultados definitivos/Federal/2018/Diputados_casilla.csv"
"PRD_MC","/Users/emiliomorones/Dropbox (Selva)/Ciencia de datos/Consultoría Estadística/Recursos/Externos/Limpieza/Resultados definitivos/Federal/2018/Diputados_casilla.csv"
"PRI_PVEM_PANAL","/Users/emiliomorones/Dropbox (Selva)/Ciencia de datos/Consultoría Estadística/Recursos/Externos/Limpieza/Resultados definitivos/Federal/2018/Diputados_casilla.csv"
"PRI_PANAL","/Users/emiliomorones/Dropbox (Selva)/Ciencia de datos/Consultoría Estadística/Recursos/Externos/Limpieza/Resultados definitivos/Federal/2018/Diputados_casilla.csv"
"PVEM_PANAL","/Users/emiliomorones/Dropbox (Selva)/Ciencia de datos/Consultoría Estadística/Recursos/Externos/Limpieza/Resultados definitivos/Federal/2018/Diputados_casilla.csv"
"PT_MORENA_ES","/Users/emiliomorones/Dropbox (Selva)/Ciencia de datos/Consultoría Estadística/Recursos/Externos/Limpieza/Resultados definitivos/Federal/2018/Diputados_casilla.csv"
"PT_MORENA","/Users/emiliomorones/Dropbox (Selva)/Ciencia de datos/Consultoría Estadística/Recursos/Externos/Limpieza/Resultados definitivos/Federal/2018/Diputados_casilla.csv"
"PT_ES","/Users/emiliomorones/Dropbox (Selva)/Ciencia de datos/Consultoría Estadística/Recursos/Externos/Limpieza/Resultados definitivos/Federal/2018/Diputados_casilla.csv"
"MORENA_ES","/Users/emiliomorones/Dropbox (Selva)/Ciencia de datos/Consultoría Estadística/Recursos/Externos/Limpieza/Resultados definitivos/Federal/2018/Diputados_casilla.csv"
"INDEPENDIENTE_1","/Users/emiliomorones/Dropbox (Selva)/Ciencia de datos/Consultoría Estadística/Recursos/Externos/Limpieza/Resultados definitivos/Federal/2018/Diputados_casilla.csv"
"INDEPENDIENTE_2","/Users/emiliomorones/Dropbox (Selva)/Ciencia de datos/Consultoría Estadística/Recursos/Externos/Limpieza/Resultados definitivos/Federal/2018/Diputados_casilla.csv"
"NO_REG","/Users/emiliomorones/Dropbox (Selva)/Ciencia de datos/Consultoría Estadística/Recursos/Externos/Limpieza/Resultados definitivos/Federal/2018/Diputados_casilla.csv"
"NULOS","/Users/emiliomorones/Dropbox (Selva)/Ciencia de datos/Consultoría Estadística/Recursos/Externos/Limpieza/Resultados definitivos/Federal/2018/Diputados_casilla.csv"
"TOTAL","/Users/emiliomorones/Dropbox (Selva)/Ciencia de datos/Consultoría Estadística/Recursos/Externos/Limpieza/Resultados definitivos/Federal/2018/Diputados_casilla.csv"
"NOMINAL","/Users/emiliomorones/Dropbox (Selva)/Ciencia de datos/Consultoría Estadística/Recursos/Externos/Limpieza/Resultados definitivos/Federal/2018/Diputados_casilla.csv"
"OBSERVACIONES","/Users/emiliomorones/Dropbox (Selva)/Ciencia de datos/Consultoría Estadística/Recursos/Externos/Limpieza/Resultados definitivos/Federal/2018/Diputados_casilla.csv"
"MECANISMOS_TRASLADO","/Users/emiliomorones/Dropbox (Selva)/Ciencia de datos/Consultoría Estadística/Recursos/Externos/Limpieza/Resultados definitivos/Federal/2018/Diputados_casilla.csv"
"FECHA_HORA","/Users/emiliomorones/Dropbox (Selva)/Ciencia de datos/Consultoría Estadística/Recursos/Externos/Limpieza/Resultados definitivos/Federal/2018/Diputados_casilla.csv"
"CLAVE_CASILLA","/Users/emiliomorones/Dropbox (Selva)/Ciencia de datos/Consultoría Estadística/Recursos/Externos/Limpieza/Resultados definitivos/Federal/2018/Presidente_casilla.csv"
"CLAVE_ACTA","/Users/emiliomorones/Dropbox (Selva)/Ciencia de datos/Consultoría Estadística/Recursos/Externos/Limpieza/Resultados definitivos/Federal/2018/Presidente_casilla.csv"
"ESTADO","/Users/emiliomorones/Dropbox (Selva)/Ciencia de datos/Consultoría Estadística/Recursos/Externos/Limpieza/Resultados definitivos/Federal/2018/Presidente_casilla.csv"
"NOMBRE_ESTADO","/Users/emiliomorones/Dropbox (Selva)/Ciencia de datos/Consultoría Estadística/Recursos/Externos/Limpieza/Resultados definitivos/Federal/2018/Presidente_casilla.csv"
"DISTRITO","/Users/emiliomorones/Dropbox (Selva)/Ciencia de datos/Consultoría Estadística/Recursos/Externos/Limpieza/Resultados definitivos/Federal/2018/Presidente_casilla.csv"
"NOMBRE_DISTRITO","/Users/emiliomorones/Dropbox (Selva)/Ciencia de datos/Consultoría Estadística/Recursos/Externos/Limpieza/Resultados definitivos/Federal/2018/Presidente_casilla.csv"
"CASILLA","/Users/emiliomorones/Dropbox (Selva)/Ciencia de datos/Consultoría Estadística/Recursos/Externos/Limpieza/Resultados definitivos/Federal/2018/Presidente_casilla.csv"
"CASILLA_ZONA","/Users/emiliomorones/Dropbox (Selva)/Ciencia de datos/Consultoría Estadística/Recursos/Externos/Limpieza/Resultados definitivos/Federal/2018/Presidente_casilla.csv"
"NUM_ACTA_IMPRESO","/Users/emiliomorones/Dropbox (Selva)/Ciencia de datos/Consultoría Estadística/Recursos/Externos/Limpieza/Resultados definitivos/Federal/2018/Presidente_casilla.csv"
"MORENA","/Users/emiliomorones/Dropbox (Selva)/Ciencia de datos/Consultoría Estadística/Recursos/Externos/Limpieza/Resultados definitivos/Federal/2018/Presidente_casilla.csv"
"ES","/Users/emiliomorones/Dropbox (Selva)/Ciencia de datos/Consultoría Estadística/Recursos/Externos/Limpieza/Resultados definitivos/Federal/2018/Presidente_casilla.csv"
"PAN_PRD_MC","/Users/emiliomorones/Dropbox (Selva)/Ciencia de datos/Consultoría Estadística/Recursos/Externos/Limpieza/Resultados definitivos/Federal/2018/Presidente_casilla.csv"
"PAN_PRD","/Users/emiliomorones/Dropbox (Selva)/Ciencia de datos/Consultoría Estadística/Recursos/Externos/Limpieza/Resultados definitivos/Federal/2018/Presidente_casilla.csv"
"PAN_MC","/Users/emiliomorones/Dropbox (Selva)/Ciencia de datos/Consultoría Estadística/Recursos/Externos/Limpieza/Resultados definitivos/Federal/2018/Presidente_casilla.csv"
"PRD_MC","/Users/emiliomorones/Dropbox (Selva)/Ciencia de datos/Consultoría Estadística/Recursos/Externos/Limpieza/Resultados definitivos/Federal/2018/Presidente_casilla.csv"
"PRI_PVEM_PANAL","/Users/emiliomorones/Dropbox (Selva)/Ciencia de datos/Consultoría Estadística/Recursos/Externos/Limpieza/Resultados definitivos/Federal/2018/Presidente_casilla.csv"
"PRI_PANAL","/Users/emiliomorones/Dropbox (Selva)/Ciencia de datos/Consultoría Estadística/Recursos/Externos/Limpieza/Resultados definitivos/Federal/2018/Presidente_casilla.csv"
"PVEM_PANAL","/Users/emiliomorones/Dropbox (Selva)/Ciencia de datos/Consultoría Estadística/Recursos/Externos/Limpieza/Resultados definitivos/Federal/2018/Presidente_casilla.csv"
"PT_MORENA_ES","/Users/emiliomorones/Dropbox (Selva)/Ciencia de datos/Consultoría Estadística/Recursos/Externos/Limpieza/Resultados definitivos/Federal/2018/Presidente_casilla.csv"
"PT_MORENA","/Users/emiliomorones/Dropbox (Selva)/Ciencia de datos/Consultoría Estadística/Recursos/Externos/Limpieza/Resultados definitivos/Federal/2018/Presidente_casilla.csv"
"PT_ES","/Users/emiliomorones/Dropbox (Selva)/Ciencia de datos/Consultoría Estadística/Recursos/Externos/Limpieza/Resultados definitivos/Federal/2018/Presidente_casilla.csv"
"MORENA_ES","/Users/emiliomorones/Dropbox (Selva)/Ciencia de datos/Consultoría Estadística/Recursos/Externos/Limpieza/Resultados definitivos/Federal/2018/Presidente_casilla.csv"
"INDEPENDIENTE_1","/Users/emiliomorones/Dropbox (Selva)/Ciencia de datos/Consultoría Estadística/Recursos/Externos/Limpieza/Resultados definitivos/Federal/2018/Presidente_casilla.csv"
"INDEPENDIENTE_2","/Users/emiliomorones/Dropbox (Selva)/Ciencia de datos/Consultoría Estadística/Recursos/Externos/Limpieza/Resultados definitivos/Federal/2018/Presidente_casilla.csv"
"NO_REG","/Users/emiliomorones/Dropbox (Selva)/Ciencia de datos/Consultoría Estadística/Recursos/Externos/Limpieza/Resultados definitivos/Federal/2018/Presidente_casilla.csv"
"NULOS","/Users/emiliomorones/Dropbox (Selva)/Ciencia de datos/Consultoría Estadística/Recursos/Externos/Limpieza/Resultados definitivos/Federal/2018/Presidente_casilla.csv"
"TOTAL","/Users/emiliomorones/Dropbox (Selva)/Ciencia de datos/Consultoría Estadística/Recursos/Externos/Limpieza/Resultados definitivos/Federal/2018/Presidente_casilla.csv"
"NOMINAL","/Users/emiliomorones/Dropbox (Selva)/Ciencia de datos/Consultoría Estadística/Recursos/Externos/Limpieza/Resultados definitivos/Federal/2018/Presidente_casilla.csv"
"OBSERVACIONES","/Users/emiliomorones/Dropbox (Selva)/Ciencia de datos/Consultoría Estadística/Recursos/Externos/Limpieza/Resultados definitivos/Federal/2018/Presidente_casilla.csv"
"MECANISMOS_TRASLADO","/Users/emiliomorones/Dropbox (Selva)/Ciencia de datos/Consultoría Estadística/Recursos/Externos/Limpieza/Resultados definitivos/Federal/2018/Presidente_casilla.csv"
"FECHA_HORA","/Users/emiliomorones/Dropbox (Selva)/Ciencia de datos/Consultoría Estadística/Recursos/Externos/Limpieza/Resultados definitivos/Federal/2018/Presidente_casilla.csv"
"CLAVE_CASILLA","/Users/emiliomorones/Dropbox (Selva)/Ciencia de datos/Consultoría Estadística/Recursos/Externos/Limpieza/Resultados definitivos/Federal/2018/Senador_casilla.csv"
"CLAVE_ACTA","/Users/emiliomorones/Dropbox (Selva)/Ciencia de datos/Consultoría Estadística/Recursos/Externos/Limpieza/Resultados definitivos/Federal/2018/Senador_casilla.csv"
"ESTADO","/Users/emiliomorones/Dropbox (Selva)/Ciencia de datos/Consultoría Estadística/Recursos/Externos/Limpieza/Resultados definitivos/Federal/2018/Senador_casilla.csv"
"NOMBRE_ESTADO","/Users/emiliomorones/Dropbox (Selva)/Ciencia de datos/Consultoría Estadística/Recursos/Externos/Limpieza/Resultados definitivos/Federal/2018/Senador_casilla.csv"
"DISTRITO","/Users/emiliomorones/Dropbox (Selva)/Ciencia de datos/Consultoría Estadística/Recursos/Externos/Limpieza/Resultados definitivos/Federal/2018/Senador_casilla.csv"
"NOMBRE_DISTRITO","/Users/emiliomorones/Dropbox (Selva)/Ciencia de datos/Consultoría Estadística/Recursos/Externos/Limpieza/Resultados definitivos/Federal/2018/Senador_casilla.csv"
"CASILLA...8","/Users/emiliomorones/Dropbox (Selva)/Ciencia de datos/Consultoría Estadística/Recursos/Externos/Limpieza/Resultados definitivos/Federal/2018/Senador_casilla.csv"
"CASILLA...11","/Users/emiliomorones/Dropbox (Selva)/Ciencia de datos/Consultoría Estadística/Recursos/Externos/Limpieza/Resultados definitivos/Federal/2018/Senador_casilla.csv"
"NUM_ACTA_IMPRESO","/Users/emiliomorones/Dropbox (Selva)/Ciencia de datos/Consultoría Estadística/Recursos/Externos/Limpieza/Resultados definitivos/Federal/2018/Senador_casilla.csv"
"MORENA","/Users/emiliomorones/Dropbox (Selva)/Ciencia de datos/Consultoría Estadística/Recursos/Externos/Limpieza/Resultados definitivos/Federal/2018/Senador_casilla.csv"
"ES","/Users/emiliomorones/Dropbox (Selva)/Ciencia de datos/Consultoría Estadística/Recursos/Externos/Limpieza/Resultados definitivos/Federal/2018/Senador_casilla.csv"
"PAN_PRD_MC","/Users/emiliomorones/Dropbox (Selva)/Ciencia de datos/Consultoría Estadística/Recursos/Externos/Limpieza/Resultados definitivos/Federal/2018/Senador_casilla.csv"
"PAN_PRD","/Users/emiliomorones/Dropbox (Selva)/Ciencia de datos/Consultoría Estadística/Recursos/Externos/Limpieza/Resultados definitivos/Federal/2018/Senador_casilla.csv"
"PAN_MC","/Users/emiliomorones/Dropbox (Selva)/Ciencia de datos/Consultoría Estadística/Recursos/Externos/Limpieza/Resultados definitivos/Federal/2018/Senador_casilla.csv"
"PRD_MC","/Users/emiliomorones/Dropbox (Selva)/Ciencia de datos/Consultoría Estadística/Recursos/Externos/Limpieza/Resultados definitivos/Federal/2018/Senador_casilla.csv"
"PRI_PVEM_PANAL","/Users/emiliomorones/Dropbox (Selva)/Ciencia de datos/Consultoría Estadística/Recursos/Externos/Limpieza/Resultados definitivos/Federal/2018/Senador_casilla.csv"
"PRI_PANAL","/Users/emiliomorones/Dropbox (Selva)/Ciencia de datos/Consultoría Estadística/Recursos/Externos/Limpieza/Resultados definitivos/Federal/2018/Senador_casilla.csv"
"PVEM_PANAL","/Users/emiliomorones/Dropbox (Selva)/Ciencia de datos/Consultoría Estadística/Recursos/Externos/Limpieza/Resultados definitivos/Federal/2018/Senador_casilla.csv"
"PT_MORENA_ES","/Users/emiliomorones/Dropbox (Selva)/Ciencia de datos/Consultoría Estadística/Recursos/Externos/Limpieza/Resultados definitivos/Federal/2018/Senador_casilla.csv"
"PT_MORENA","/Users/emiliomorones/Dropbox (Selva)/Ciencia de datos/Consultoría Estadística/Recursos/Externos/Limpieza/Resultados definitivos/Federal/2018/Senador_casilla.csv"
"PT_ES","/Users/emiliomorones/Dropbox (Selva)/Ciencia de datos/Consultoría Estadística/Recursos/Externos/Limpieza/Resultados definitivos/Federal/2018/Senador_casilla.csv"
"MORENA_ES","/Users/emiliomorones/Dropbox (Selva)/Ciencia de datos/Consultoría Estadística/Recursos/Externos/Limpieza/Resultados definitivos/Federal/2018/Senador_casilla.csv"
"INDEPENDIENTE_1","/Users/emiliomorones/Dropbox (Selva)/Ciencia de datos/Consultoría Estadística/Recursos/Externos/Limpieza/Resultados definitivos/Federal/2018/Senador_casilla.csv"
"INDEPENDIENTE_2","/Users/emiliomorones/Dropbox (Selva)/Ciencia de datos/Consultoría Estadística/Recursos/Externos/Limpieza/Resultados definitivos/Federal/2018/Senador_casilla.csv"
"NO_REG","/Users/emiliomorones/Dropbox (Selva)/Ciencia de datos/Consultoría Estadística/Recursos/Externos/Limpieza/Resultados definitivos/Federal/2018/Senador_casilla.csv"
"NULOS","/Users/emiliomorones/Dropbox (Selva)/Ciencia de datos/Consultoría Estadística/Recursos/Externos/Limpieza/Resultados definitivos/Federal/2018/Senador_casilla.csv"
"TOTAL","/Users/emiliomorones/Dropbox (Selva)/Ciencia de datos/Consultoría Estadística/Recursos/Externos/Limpieza/Resultados definitivos/Federal/2018/Senador_casilla.csv"
"NOMINAL","/Users/emiliomorones/Dropbox (Selva)/Ciencia de datos/Consultoría Estadística/Recursos/Externos/Limpieza/Resultados definitivos/Federal/2018/Senador_casilla.csv"
"OBSERVACIONES","/Users/emiliomorones/Dropbox (Selva)/Ciencia de datos/Consultoría Estadística/Recursos/Externos/Limpieza/Resultados definitivos/Federal/2018/Senador_casilla.csv"
"MECANISMOS_TRASLADO","/Users/emiliomorones/Dropbox (Selva)/Ciencia de datos/Consultoría Estadística/Recursos/Externos/Limpieza/Resultados definitivos/Federal/2018/Senador_casilla.csv"
"FECHA_HORA","/Users/emiliomorones/Dropbox (Selva)/Ciencia de datos/Consultoría Estadística/Recursos/Externos/Limpieza/Resultados definitivos/Federal/2018/Senador_casilla.csv"
